restaurant,bubbles,title,description
Mabuhay Restaurant,bubble_40,Buono!!,"Siamo venuti in questo ristorante filippino giudicato a gennaio 2023 come il miglior ristorante di Milano, a giudizio di Tripadvisor, che dire, magari i piatti non sono all‚Äôaltezza di un classico stellato Michelin per√≤ sono buoni, abbiamo voluto provare molti piatti ed erano tutti onestamente...buoni e con un buon rapporto qualit√†-prezzo, di sicuro ci torneremo molto volentieriPi√π"
Mabuhay Restaurant,bubble_40,Bello,Molto bello mi ha spaventato abbastanza il fatto che usano il fuoco sulle foglie anche se poi il risultato era ottimo. Il personale √® cordiale.
Mabuhay Restaurant,bubble_40,"Una felice sorpresa domenicale! lBuona cucina filippina, posto accogliente, personale gentile e cordiale! Consigliato!","Consigliato da un amico fidato, mi sono recato con 5 amici in questo ristorante filippino per un pranzo domenicale. Le buone aspettative sono state tutte confermate. Personale gentile e cordiale, buon cibo cucinato al momento e molto delicato. Tutto buono, dai Takoyaki,, ai bao, gli...adobo di carne, il salmone e le verdure. Alla fine ci hanno anche offerto delle ottime cozze cucinate sempre al momento, la cucina √® a vista.
Unica cosa,‚Äôposto piccolo, consiglio di prenotare 1 o 2 giorni prima!Pi√π"
Mabuhay Restaurant,bubble_50,Perfetto,"Locale piccolo e accogliente, il personale gentilissimo, cibo altrettanto buono, consigliatissimo, in 4 abbiamo speso 90 euro ( con bottiglia di vino ).
Ci ritornero'"
Mabuhay Restaurant,bubble_50,Ottima cucina,"Ragazzi a dir poco eccellente, consigliatissimo su tutto, servizio, cucina,non economico,ma ne vale la pena."
Mabuhay Restaurant,bubble_50,Sapori e semplicit√†,"Siamo stati in questo ristorante per una domenica a pranzo e ci siamo trovati molto bene.
Il personale √® molto cortese e attento alle intolleranze/allergie. Ci ha trovato un tavolo anche se non avevamo prenotato e nonostante il locale fosse pieno (meglio prenotare infatti).
I...piatti molto saporiti e di ottima qualit√†.
Torneremo sicuramente per provare altri piatti.Pi√π"
Mabuhay Restaurant,bubble_50,Ottima esperienza ,"Cibo eccezionale, prezzi giusti, personale adorabile.  Da tornare assolutamente per provare tutto il men√π! Menzione d'onore ai dolci."
Mabuhay Restaurant,bubble_50,Una piccola perla,"Posto veramente eccezionale, proprio di fronte alla scuola superiore Carlo Tenca, un locale piccolo ma veramente suggestivo e particolare. 
La cucina √® interamente a vista, pulita, con una linea preparata di tutto punto per il servizio.
L‚Äôinsegna √® la parola filippina Mabuhai che tradotto in...Italiano significa benvenuto.
Il men√π √® veramente suggestivo con molti piatti  dalla base conosciuta ma con una interpretazione eccellente da parte dello chef e di tutta la brigata. 
Gli antipasti, provati quasi tutti dato che eravamo in 7, sono strepitosi, la carne sfilacciata che ho degustato √® tra le migliori mai provate, superiore anche ai posti vicini in Paolo Sarpi (provate i Bao)
Come portata principale degli eccezionali Yakisoba, Yakiudon e un piatto unico con riso, pomodori, carne sfilacciata e cetrolo, il tutto ricoperto da una foglia di banano per aromatizzare il piatto (devastante)
Il tutto con degli ottimi dolci per finire.
Tutto lo staff √® attento e lo chef passa personalmente tra i tavoli a chiedere come vada la cena.
Semplicemente grazie o meglio Maraming salamat.
5/5 pienoPi√π"
Mabuhay Restaurant,bubble_50,"Nuova scoperta, ci torneremo!","Piccolo ristorante con cucina a vista. Piatti ottimi e personale molto gentile e disponibile. Ci ha colpito la cucina a vista. Il cuoco prima di andare √® uscito a salutarci, ringraziarci e a sincerarsi del gradito pranzo."
Mabuhay Restaurant,bubble_50,Serata con grande sorpresa ,"Complimenti a tutto lo staff, piatti serviti con cura ,porzioni abbondante ma curati nei dettagli un grande sapore di vera cucina filippina, con prodotti di alta qualit√†, locale piccolo ma pulitissimo. Complimenti da tornare e da consigliare sempre."
Parea Bistrot,bubble_50,Bella Serata,Una bella serata siamo stati molto bene abbiamo cenato con dell‚Äôottimo vino era un Cabernet Sauvignon bello anche l‚Äôambientazione per Natale complimenti allo chef patron
Parea Bistrot,bubble_50,Attenta ricercatezza,"Sono stato a pranzo con mia moglie,
pensavamo a qualcosa di veloce tanto per tamponare un po di appetito.
Abbiamo scoperto un angolo di ricercata semplicita‚Äô.
Locale allestito con stile minimalista, caldo ed accogliente. Menu‚Äô interessantissimo.
Abdicata l‚Äôidea del veloce pasto ci siamo avventurati nel...menu. Abbiamo scelto,
una tartare di manzo con stracciatella (condimento calibrato carne scelta,battuta sicuramente al coltello ),alici del Cantabrico e crema dolceforte al caff√® ( interessante accoppiamento),delle verdure alla griglia e  un polpo cotto a bassa temperatura su crema di patate  ( polpo morbito ma consistente nella sua struttura).
Siamo rimasti affascinati da quanta cura sia investita nell‚Äôoffrire  una ricercata e attenta semplicita‚Äô.
Presentazione delle pietanze impeccabile .
Personale giovane e attento al cliente.
Rapporto qualita‚Äô prezzo Eccezzionale.
Ci torneremo sicuramentePi√π"
Parea Bistrot,bubble_50,Ritorneremo,"Niente da criticare. 
Location bellissima, servizio impeccabile e tutto il resto ottimo. Ritorneremo sicuramente!!"
Parea Bistrot,bubble_50,ü´∂üèª,"Locale contemporaneo di ottimo gusto, ottime le proposte main dishes. Location perfetta per una cena o un pranzo di lavoro, anche il post cena, molto interessante, cocktail ben fatti. Assolutamente consigliato."
Parea Bistrot,bubble_50,Tanti miglioramenti,"Ancora qui. Dopo qualche mese sono tornato e ho trovato tanti miglioramenti nel menu e nel servizio. Anche il locale √® pi√π carino e ben arredato. Ottimo
Posto per
Una serata con amici e in compagnia"
Parea Bistrot,bubble_50,Locale top!,"Perfetto sia per un boccone al volo a pranzo sia per bere in compagnia la sera. Cibo e drink di altissima qualit√† in pieno centro.
Super consigliato!"
Parea Bistrot,bubble_50,Un piccolo grande cuore pulsante,"Ragazzi, mi sa che √® tornata la Milano da bere! In un punto apparentemente dormiente della Ricca city .  Ti ritrovi in mezzo un sacco di persone A fare baldoria. Come dicevano in uno spot di quell‚Äôepoca: provare per credere!"
Parea Bistrot,bubble_50,Esperienza fantastica,"Sono stato con sei amici per festeggiare il compleanno di uno di loro e ci siamo trovati benissimo. Seppur pieno, il servizio √® stato molto attento ed efficiente, i ragazzi dello staff ci hanno fatti sentire a casa. Vale la pena menzionare anche la cucina,...arancini e crocchette buonissimi (ci hanno detto che arrivano freschi da Roma ogni due giorni) e polpo croccante spettacolare!! Torneremo sicuramentePi√π"
Parea Bistrot,bubble_50,Consigliato compagnia,"Locale di livello 
Padrone di casa super ospitale , cordiale e preparato. 
Consigliato Parea sia per il cibo sia per l‚Äôottima compagnia !!!! 

#bettertogether"
Parea Bistrot,bubble_50,Proposta di business,"Uscito da lavoro camminando per le romantiche 5 vie mi sono imbattuto in questo piccolo bistrot molto curato e ben gestito. 
Locale nuovo aperto da ragazzi con molta voglia di fare e di crescere. 
E‚Äô stata un bella esperienza"
Cantiere Hambirreria,bubble_50,Adoro questo locale!,"Questo locale merita una visita! 
Nel cuore della vita milanese  si differenza da tutti gli altri locali , cibo buonissimo (prendete le impalcate perch√© sono pazzesche) e il personale rendono questo posto una seconda casa!
Mirko e Veronica sono bravissimi e il resto del personale...sono super carini!Pi√π"
Cantiere Hambirreria,bubble_50,top,"cibo top servizio top tutto top 
aperitivo buonissimo gin tonic spettacolare e servizio perfetto!!!!!"
Cantiere Hambirreria,bubble_50,aperitivo,"aperitivo molto buono ad un ottimo prezzo.
consiglio, molto gentili e simpatici i camerieri veronica e mirko"
Cantiere Hambirreria,bubble_50,aperitivo,"ottimo locale in una bellissima zona, aperitivi abbondanti, prezzo ottimo e conveniente. ci torner√≤ volentieri!"
Cantiere Hambirreria,bubble_50,Aperitivo,"Ottimo aperitivo e buon rapporto qualit√† prezzo, gentilissimo il personale (soprattutto Veronica e Mirko che ci hanno servite). Consiglio vivamente"
Cantiere Hambirreria,bubble_50,Aperitivo,Attenzione top da Veronica e Mirko! Grazie sempre per l‚Äôaperitivo super abbondante e buonissimo!!!!!
Cantiere Hambirreria,bubble_50,Aperitivo pazzesco,"Ottimo aperitivo con prezzi un po' altini ma ci sta essendo in centro a Milano, era veramente abbondante e buono"
Cantiere Hambirreria,bubble_50,Aperitivo,"Locale bellissimo in centro a Milano facilmenteraggiungibile , ottime birre e abbondante aperitivo. Top"
Cantiere Hambirreria,bubble_50,Hamburger da favola,"Attratti da un invitante aperitivo, abbiamo degustato un favoloso hamburger stile americano ( tongs) e siamo rimasti veramente soddisfatti. 
Selezione di birre fenomenale. Noi abbiamo optato per una rinfrescante e dissetante IPA. 

Ci torneremo sicuramente"
Cantiere Hambirreria,bubble_50,Hamburger sostanzioso e ottima birra,"Hamburger ben farcito inserito in una vasta scelta di piatti, perfetti sia per la cena che per l‚Äôaperitivo.
Ottima la birra e il servizio"
Il Panino,bubble_50,Da brevettare!,"Ci sono poche volte nelle quali avverto quasi la necessit√† di dire a qualcuno quanto mi sia piaciuto o non piaciuto mangiare qualcosa: oggi ho mangiato un panino che a mio parere andrebbe addirittura coperto dal copyright ¬©Ô∏è o brevettato...tartare chianina da urlo, caciottina di...capra al vino rosso da delirio e crema di carciofi da sballo. 
Si avverte ogni ingrediente e si apprezza l'insieme.
√à la terza o quarta volta che vengo, a volte c'√® pi√π folla a volte meno come oggi ma ogni volta esco col sorriso.Pi√π"
Il Panino,bubble_40,Ottimo panino,"Se vuoi mangiare qualcosa di veloce e soddisfacente questo locale fa al caso tuo ,personale gentile e professionale lo consiglio"
Il Panino,bubble_50,Da provare! Prezzi onesti!,"Trovato grazie a Trip...
Semplice, ma molto buono, quello che stavamo cercando, vasta scelta per tutti i gusti... Locale piccolo, un pochino spartano, senza bagno... I (deduco) titolari, sono gentili e disponibili, prezzi nella media per la qualit√† proposta.
Lo consiglio!"
Il Panino,bubble_50,Nella botte piccola‚Ä¶,"Il locale, molto piccolo, √® carino e valorizzato dai tavoli all‚Äôesterno. La qualit√† delle materie prime √® sempre eccellente: ingredienti di alta qualit√† e freschissimi, pane ideale per questo tipo di offerta e vini ben selezionati. Le proposte sono estrose e tutte ben bilanciate, per...cui ci si pu√≤ affidare ciecamente ai titolari, che sono cordiali e disponibili a dare suggerimenti e spiegazioni. Non √® affatto facile trovare panini comparabili in zona Duomo (e non solo).Pi√π"
Il Panino,bubble_50,Super !,Panini gourmet eccezionali ! La signora attenta e puntuale. Qualita della materia prima ottima. Pulito e bellissima atmosfera. Tutto Super!
Il Panino,bubble_50,Il panino ideale,"Ottima paninoteca a due passi dall'universit√† statale. I panini sono una delizia per il palato e per gli occhi. Questa volta ho voluto provare un ""delicato"" con tacchino, pomodoro ramato, rucola e maionese. La titolare √® molto gentile e con grande capacit√† si ricorda tutte...le ordinazioni a memoria malgrado il locale sia molto affollato.  L'ambiente √® piccolo ed ideale per una pausa pranzo veloce. Sono curiosa di assaporare altre specialit√†.Pi√π"
Il Panino,bubble_50,Una piacevole sorpresa,"Posto minuscolo in pieno centro, che consiglio non solo per gli eccellenti panini ma anche per la simpatia della cordiale proprietaria, capace di passare dall'inglese al milanese in un baleno.
Clientela prevalente di giovani turisti stranieri, tutti molto felici nonostante un po' di attesa per...i panini, a riprova che per le cose buone vale la pena di aspettare.Pi√π"
Il Panino,bubble_50,"Panino gourmet, una tappa fissa quando passo dal Centro","Ottima qualit√† delle materie prime, lavorate con cura e passione. 

Pane morbidissimo! 
Ogni panino viene preparato al momento ed i salumi vengono affettati quando arriva l‚Äôordine‚Ä¶valore aggiunto. 

Piccola ma attenta selezione di vini e birre con mescita giornaliera. 

Locale molto carino, semplice ed essenziale‚Ä¶l‚Äôattenzione da...parte di tutto lo Staff √® rivolta al Cliente ed al fatto che si senta a casa.

Ideale per un pranzo veloce o per un dopo lavoro rilassante, con jazz in sottofondo e le luci del tramonto che entrando in Via Laghetto!

Bravi ragazzi!!
StePi√π"
Il Panino,bubble_50,Una eccellenza a Milano,"Non pensavo di trovare un locale eccellente a due passi dal Duomo di Milano, con prodotti freschi, genuini e di qualit√†, come la coppa Piacentina DOP mangiata oggi a mezzogiorno ad un ottimo prezzo.
Titolari gentili, professionali ed attenti alle esigenze dei clienti.
Il locale...√® piccolo ma come si dice nella botte piccola c'√® il vino buono.
Domani devo ritornare a Milano, di sicuro so dove andare a pranzare.Pi√π"
Il Panino,bubble_50,Due veneti in trasferta,"Location molto carina, panini ottimi e personale ultra simpatico, sembrava veramente di essere fuori dal grigiore milanese."
Marea Seafood & Beverage,bubble_50,‚Äú ‚Ä¶.Speravo non finisse‚Ä¶‚Äù,"Dopo una fredda giornata meneghina concludo la serata al ‚ÄúMarea‚Äù. 
Appena entrato vengo accolto dall‚Äôelegante e al tempo stesso calda atmosfera. I colori del locale, i suoi arredi e le sue piastrelle mi riportano nelle calde terre di mare.
La fusion dei sapori e dei...saperi dello chef e l‚Äôabbinamento ‚Äúmai banale‚Äù con ottimi cocktail rendono la serata unica.
Noto un‚Äôottima sinergia tra il padrone di casa e il barman. Quest‚Äôultimo diventa quasi un ‚Äú consulente personale del cliente‚Äù rispettandone anche il gusto.
Piatti ben definiti con un‚Äôeccellente materia prima.
Impiattamento elegante e ricercato (segnalo baccal√† mantecato con crema di zucca , aceto balsamico e pane carasau) colpisce, in particolare anche come si valorizza in maniera eccellente un pesce c.d. ‚Äú povero‚Äùcome lo sgombro. ( Sgombro scottai con pan brioche, foie gras, marmellata di cipolle di Tropea e riduzione di Porto).
Anche gli altri piatti meritano grossa attenzione come il ‚Äú battuto di mazancolle blu ‚Äú che lascia al palato la freschezza del mare e visivamente la profondit√† dello stesso.
Potrei continuare con altri piatti( filetto di rana pescatrice con cavoletti e spinaci scottati e uova di quaglia) anche perch√© l‚Äôabbinamento con i cocktail rendono la serata unica. 
Ottimi anche i dolci, segnalo fra tutti, la ‚Äú spuma di latte alla vaniglia con castagne e salsa di mango e nocciola‚Äù.
‚Ä¶Che dire peccato che sia finito..Pi√π"
Marea Seafood & Beverage,bubble_50,Voglia di tornarci,"Sono tornato in questo ristorante perch√© avvertivo la necessit√† di gustare nuovamente i piatti che propone. Stavolta non mi sono limitato ai miei classici piatti che normalmente prendo (tartare di tonno e tonno scottato), ma si √® deciso per un percorso quasi totale e la...scelta √® stata, anche stavolta, ampiamente ripagata.
Oltre i due gi√† citati (e gli immancabili bun e polipo su humus di ceci e come di rapa) ho avuto modo di apprezzare un‚Äôeccellente baccal√† mantecato e una super rana pescatrice. Super anche sgombro e battuto di mazzancolle blu.
Per chiudere decamisu‚Äô e spuma di latte alla vaniglia con salsa di mango e castagne.
Il tutto abbinato perfettamente con cocktail preparati egregiamente.
Che dire, ora gi√† si pensa a quando sar√† possibile organizzarsi per tornarci!Pi√π"
Marea Seafood & Beverage,bubble_50,Provare per credere,"Locale molto chic con un ampio menu che propone piatti di pesce ottimi. Ad ognuno viene abbinato un cocktail adatto da sorseggiare durante la cena, ad esempio Manhattan con tiramisu. In opzione ai cockatil ottima anche la carta dei vini."
Marea Seafood & Beverage,bubble_50,Straordinario,"Consiglio di provare questo locale, servizio impeccabile e pesce cucinato (o crudo) con grande maestria. Insuperabili i mini panini alla capasanta e le mazzancolle alla mediterranea"
Marea Seafood & Beverage,bubble_50,Piacevole scoperta,"Adoro il polipo e da Marea lo trovo eccezionale, unito allo humus di ceci e le cime di rapa. La porzione √® abbondante, ma ho voluto provare anche i crudi. Tutto davvero buono e leggero"
Marea Seafood & Beverage,bubble_50,Sublime,"Fatto aperitivo da Marea con le mie amiche, quasi una cena a base di pesce ed un cocktail Martini. Tutto eccellente, mi √® sembrato giusto portare a casa due porzioni di tartare per figlia e marito"
Marea Seafood & Beverage,bubble_50,Esperienza unica,"Dopo una cena di lavoro, sono tornata col mio compagno. La cameriere mi ha riconosciuto ed √® stata una volta di pi√π gentilissima. Abbiamo preso diversi piatti, crudi e cotti, e ce li siamo divisi. Buonissimi e gustosi, una serata di livello"
Marea Seafood & Beverage,bubble_50,Ottima location per una serata indimenticabile,"Ottima location per una serata indimenticabile, squisite le pietanze proposte dallo chef...assolutamente consigliato"
Marea Seafood & Beverage,bubble_50,Eccellente,"Sempre bello venire a Milano, una citt√† che evolve. A mezzogiorno pizza napoletana molto buona, la sera abbiamo mangiato da Marea. Un locale trendy, raccolto ed accogliente. Pesce di ottima qualit√† con il giusto grado di alcol ad accompagnarlo. Proprio vero, a Milano c‚Äô√® il...meglio da tutta ItaliaPi√π"
Marea Seafood & Beverage,bubble_50,Ottima esperienza,"Cena nel ristorante decisamente raffinato con un'atmosfera piacevole. Cibo particolarmente fresco, gusti deliziosi. Torneremo sicuramente"
PitBeef Milano,bubble_50,Posto veramente incredibile,"Sono stato in questo ristorante diverso tempo fa con la mia ragazza, scoperto assolutamente per caso.

E' veramente un piccolo gioiello a Milano, mi fa immensamente piacere ritrovarlo su tripadvisor cos√¨ in alto nelle classifiche dei locali della mia citt√†. 

I proprietari sono una coppia,...molto cortesi e simpatici, e con una passione per ci√≤ che fanno veramente contagiosa. Anche la carne √® davvero notevole, profondamente diversa dalla griglia italiana a cui siamo abituati, e viene abbinata a diversi assaggi di Whisky.

I prezzi non sono bassi ma assolutamente in linea con la qualit√† del cibo e dell'atmosfera nel locale.Pi√π"
PitBeef Milano,bubble_50,Bellissima esperienza,Non saprei da dove iniziare... La cortesia dei proprietari e la qualit√† della carne da 10. Ed il whisky scelta e qualit√†
PitBeef Milano,bubble_50,Ristorante delizioso,"Siamo stati domenica pranzo, il ristorante √® gestito da marito e moglie che, oltre ad essere molto gentili, trasmettono la loro passione ai commensali. Abbiamo provato quattro piatti (pastrami, chili, verticale e brisket) cos√¨ da provare un p√≤ di tutto. E' stata un'esperienza eccelente. Dolci...molto buoni e carta dei whisky da abbinare alla carne (non pensavo si potesse ma √® da provare assolutamente) veramente spettacolare. Complimenti!
Da ritornarci.Pi√π"
PitBeef Milano,bubble_50,Perfetto ,Monegi bravo cameriere gentile e cortese buona cucina consiglio a tutti posto bello e pulito prossimamente ritornare con la mia famiglia
PitBeef Milano,bubble_50,Grande esperienza di gusto,"Accompagnato dalla squisita cortesia dei proprietari che ti spiegano in ogni dettaglio le caratteristiche della carne, ho preso ""La verticale"" ed √® stato semplicemente sublime. 
Ottimo l'accostamente con i pomodorini affumicati e arrostiti.
Da tornarci"
PitBeef Milano,bubble_50,Carne Fantastica,"Abbiamo preso vari tipi di piatti ed ognuno di loro √® stato un'esplosione di sapori. Dolci fantastici, soprattutto il whiskimis√∫!"
PitBeef Milano,bubble_50,Indimenticabili per gli amanti della carne!,"Senza ombra di dubbio il miglior ristorante di Milano in cui siamo stati durante questo nostro weekend meneghino. 
Un vero e proprio indimenticabile viaggio alla scoperta di sapori nuovi o dimenticati ed amorevolmente riportati alla luce dalla preparazione e professionalit√† di Lucia e Giulio. 
Un...locale fuori dalle rotte turistiche, a conduzione familiare, curato in ogni dettaglio, intimo ed accogliente, l‚Äôatmosfera ideale per una cena romantica o rilassante con pochi amici. 
Lucia ci ha preso per mano e guidato alla scoperta di un men√π ampio, materie prime di qualit√†, preparate con amore e rispetto.  
Ci ha raccontato dei due diversi metodi di cottura da loro utilizzati, l‚Äôaffumicatura e la griglia, ci ha dato indicazioni sui diversi tagli e le loro preparazioni. 
Abbiamo scelto una verticale dal Pit (fettine sottili affumicate di manzo, cervo, bisonte e black angus accompagnate da due salsine divine)e un Pit Tonn√® (fettine sottili e saporite di manzo accompagnate da una salsa tonnata alla vecchia maniera) per iniziare, Giulio ci ha consigliato di assaggiarle con le loro cipolle rosse caramellate, accostamento vincente!
Abbiamo proseguito con un‚Äôindimenticabile costata di Sashi finlandese (siamo toscani ed amanti della carne, ne abbiamo assaggiate parecchie ma questa √® sicuramente tra le pi√π buone, tenere, succose e saporite fino ad oggi mai mangiate!) con una spadellata di verdure piena di sapore e di genuinit√†.
Ottima la carta dei vini, il prezzo assolutamente in linea con la qualit√† delle materie prime, porzioni adeguate, servizio attento ma mai invadente, una gentilezza pi√π unica che rara.
Torneremo sicuramente ad ogni nostra visita a Milano. E non vediamo l‚Äôora! Grazie per questa meravigliosa esperienza gastronomica.Pi√π"
PitBeef Milano,bubble_20,Cena,"Su invito dei cordialissimi titolari siamo tornati,a differenza della scorsa volta abbiamo sicuramente apprezzato tuttavia nonostante le varieta'di carne  proposte il mio palato ha comunque avvertito sempre quel grado di stopposita' alquanto fastidioso spiace davvero ma devo attribuire ancora un punteggio basso. Anche in considerazione...del costo eccessivo .Pi√π"
PitBeef Milano,bubble_30,Buono,"Scelto per le ottime recensioni che assolutamente confermiamo , la qualita' della  carne notevole, abbinamenti particolari , servizio cordiale ma sopratutto ospitale cosa rara di questi tempi , purtroppo pero' una scelta limitata   ci limita nell' attribuzione di un punteggio piu' alto.Pi√π"
PitBeef Milano,bubble_50,Una bella sorpresa!,"Di passaggio per Milano un sabato sera e volendo mangiare carne, mia moglie ed io siamo capitati quasi per caso in questo piccolo locale (non so se arriva a 20 coperti‚Ä¶) praticamente sotto il bosco verticale. Accoglienza famigliare dei gestori che ci hanno illustrato nel...dettaglio la loro idea di ristorazione basata su carne, whisky e legno. E su questi tre capisaldi c‚Äô√® un men√π ricco di piatti semplici ma allo stesso tempo studiati nel particolare, con accostamenti riusciti e, soprattutto, buoni. Abbiamo preso un antipasto, due secondi, due dolci e due ottime birre artigianali per 110‚Ç¨. Ottimo rapporto qualit√† prezzo considerando dove ci troviamo e l‚Äôottima qualit√† della materia prima. Ci tornerei volentieri per provare altroPi√π"
Pizzium - Via Anfossi,bubble_40,Pizzata tra amiche,"Bella serata tra amiche ottima la pizza le bruschette e le birre, accoglienza della cameriera noelia brava, e simpatica"
Pizzium - Via Anfossi,bubble_50,Ottimo,"Serata bellissima, locale molto bello , servizio veloce e  pizza ottima come il servizio di Noemi ! Grazie!"
Pizzium - Via Anfossi,bubble_50,Personale molto disponibile,"Noelia ha fatto la differenza nel servizio, molto buona la pizza, i dolci e gli amari altrettanto ‚Ä¶.."
Pizzium - Via Anfossi,bubble_50,Pizza ottima,"Pizza molto gradita, grazie a Noelia che ci ha consigliato le aggiunte alla pizza e anche un buon vino!"
Pizzium - Via Anfossi,bubble_50,Bellissima esperienza,"Ci ha servito Noelia, una ragazza molto brava e preparata. Ci ha consigliato un ottimo vino ed √® stata super gentile e disponibile. 
Pizze ottime e all‚Äôinterno di questa pizzeria si respira un ottimo clima.
Esperienza da rifare"
Pizzium - Via Anfossi,bubble_50,Top !,"Non √® la mia prima esperienza da pizzium, sempre impeccabili e veloci! Tutto ottimo e personale sempre cordiale üí™üèª"
Pizzium - Via Anfossi,bubble_50,Veramente Top,"Tutto buono, grandissimo servizio, molto gentili tutti, soprattutto la nuova cameriera. Da ritornarci assolutamente"
Pizzium - Via Anfossi,bubble_50,Pizza super!,"Personale super gentile e pizza molto buona con valida materia prima.
Ho apprezzato molto l'amaro offerto a fine cena."
Pizzium - Via Anfossi,bubble_40,24esimo compleanno,"Prima volta che provo Pizzium in occasione del compleanno di una carissima amica: pizza eccezionale, impasto leggerissimo e prodotti super di qualit√† (nelle foto Puglia ed Umbria). Servizio super ospitale e Noelia super conviviale e disponibile, siamo riuscite a fare una torta sorpresa alla festeggiata...facendo cantare tutta la sala ü•≥ 
Torneremo sicuramente, anche l‚Äôambiente davvero caratteristico: comunica la veracit√† italiana e fa sentire i clienti come al pranzo in famiglia dalla nonna, accogliente e caldo ‚ò∫Ô∏èPi√π"
Pizzium - Via Anfossi,bubble_50,Pizza da pizzium,"Da pizzium ambiente accogliente, pizza napoletana 
molto buona.
Serata molto bella anche grazie a Noelia super simpatica e gentilissima."
Osteria Da Fortunata - Moscova Milano,bubble_40,Cibo ottimo,"Cibo molto buono, tipico Romano.
Ambiente caldo e caratteristico, personale solare e disponibile.
Unica pecca, prezzi un po‚Äô alti, ma comprensibile visto che siamo a Milano."
Osteria Da Fortunata - Moscova Milano,bubble_30,Cucina romana‚Ä¶ prezzi e servizio milanesi,"Carciofo alla giudia e strozzapreti alla gricia buoni. Servizio nella norma. Prezzi eccessivi: ‚Ç¨8 per un singolo carciofo fritto e ‚Ç¨18 per il primo piatto, per quanto di pasta fresca fatta al momento. Non accettano tutte le carte di credito. Manca un appendiabiti o almeno...nessuno si √® proposto di aiutarci a sistemare le giacche da qualche parte. In sintesi ci sono enormi spazi per migliorare.Pi√π"
Osteria Da Fortunata - Moscova Milano,bubble_10,A mai pi√π. Recensioni forzate.,"La struttura ha messo pressioni affinch√© venisse scritta una recensione positiva (ora cancellata). Il cameriere Cristian (che tanto ha preteso il suo nome nella recensione 5 stelle) attende con insistenza al tavolo in attesa di visualizzare la conferma sul cellulare del cliente.  

Cena senza lode...di cucina romana. 70 euro in due (due primi, due calici e un dolce). Forse un po' caro ma ok per la zona. 
Si rifiutano alla richiesta dei conti separati (cosa illegale ma segnalata all'interno del locale).Pi√π"
Osteria Da Fortunata - Moscova Milano,bubble_50,Una carbonara a Milano,"Una cena tipica romana perfetta e super deliziosa!
Il cameriere Matteo gentilissimo e simpatico.
Ci ritorner√≤ sicuramente üòç"
Osteria Da Fortunata - Moscova Milano,bubble_50,After holidey,Cristian  il cam√©riers migliore la pasta e tiramisu migiori che ho mangiatoe il vivo perfecto x la cena
Osteria Da Fortunata - Moscova Milano,bubble_50,Nuovo anno da innamorato,"A pochi passa da casa abbiamo trovato un piccolo ristorante tipicamente romano in cui abbiamo mangiato benissimo e con un personale molto gentile e disponibile, sopratutto il cameriere Cristian"
Osteria Da Fortunata - Moscova Milano,bubble_50,Nuovo Anno,"Cibo ottimo, personale fantastico soprattutto cristian e alberto ragazzi fantastici , ci hanno seguito con gentilezza e professionalit√†. Torner√≤ sicuramente"
Osteria Da Fortunata - Moscova Milano,bubble_50,OTTIMO PERSONALE!,"Tutto molto buonooooooo Christian e Andrea i.m numeri uno in assolutooooooooo 

NON C‚Äô√à DONNA CHE POSSA COMPETERE"
Osteria Da Fortunata - Moscova Milano,bubble_50,Primo dell‚Äôanno,"Ottimo ristornante, si mangia benissimo, personale cordiale e simpatico Christian e Alberto su tutti."
Osteria Da Fortunata - Moscova Milano,bubble_50,Esperienza ottima,"Ho pranzato con i miei amici qui, cibo ottimo, soprattutto la carbonara e i saltimbocca; i due camerieri, Alberto e Cristian, super gentili e disponibili. Consigliatissimo!"
Shabby Grill Restaurant,bubble_50,Esperienza unica,"Accoglienza molto calda , cibo squisito oltre che di qualit√†, prezzo giusto per quello che si mangia .
Un ringraziamento personale va al membro dello staff Guido che ci ha seguito accuratamente durante il nostro percorso in uno dei ristoranti di carne migliore di Milano.... 
Ci torneremo presto!Pi√π"
Shabby Grill Restaurant,bubble_50,Posso leccare la vetrina,"Wow!!! Ottimo tutto dall'antipasto al dolce
Anche i contorni meritano u
na menzione d'onore riescono a sorprenderti nel paradiso del carnivoro"
Shabby Grill Restaurant,bubble_50,La carne e le sue tentazioni,"Tornato per la seconda volta, questa volta con la famiglia. Non ho parole. Tutto veramente buono di alta qualit√†, si sente che vien fatta la ricerca del prodotto. Dall'antipasto al dolce, saltando i primi, una menzione particolare alle carni alla griglia.........commoventi.  Ottimo anche il vino...suggerito.Pi√π"
Shabby Grill Restaurant,bubble_50,Pranzo in famiglia,"Quando la qualit√† del cibo viene servita in maniera gentile e professionale in un ambiente veramente accogliente e molto curato, merita una recensione di alto livello. Grazie mille per tutto e buona"
Shabby Grill Restaurant,bubble_50,Eccellente in tutto,"Uno dei pochi posti che, anche se di passaggio nel nostro caso, penso ‚ÄúCI TORNEREI!‚Äù. 
Qualit√† dei prodotti, prezzo proposto, qualit√† del servizio  veramente eccellenti! La scelta del tipo di coltello poi, una vera chicca. Complimenti!"
Shabby Grill Restaurant,bubble_40,Si pu√≤ fare di piu,Sicuramente si pu√≤ fare di pi√π l‚Äôultima stellina non l‚Äôho data perch√© secondo me il servizio √® leggermente distratto forse sar√† perch√© c‚Äôera molta gente da sabato sera non lo so per√≤ si sono dimenticati di portarmi l‚Äôacqua poi il pane poi ho richiesto il...pane e non arrivava va bene comunque sono incidenti di percorso e possono succedere ma parliamo della carne eccezionale scritto con la Veramente bravi √® veramente un ottimo taglio frollatura perfetta e prezzi molto contenuti sicuramente un posto numero uno a Milano per la carnePi√π
Shabby Grill Restaurant,bubble_50,Buono,"Pranzo con parenti che abitano e Milano , ottima variet√† di salotti ed ottimi vini ed anche ottima atmosfere, prezzo giusto"
Shabby Grill Restaurant,bubble_50,Qualit√† del cibo eccellente,Pranzo aziendale in 8 persone. Qualit√† del cibo sempre eccellente. Tavoli comodi.carne eccezionale. Dolci super . Servizio impeccabile
Shabby Grill Restaurant,bubble_50,Fantastico,"Preparati e appassionati! Cena davvero fantastica! Contorni nella media ma la carne straordinaria, tagli e razze mai provati"
Shabby Grill Restaurant,bubble_50,In attesa del pranzo di Natale,"In attesa della pausa di Natale, un pomeriggio, appena rientrati in citt√†, veniamo qui a pranzo per salutare buone vecchi amici.
Come sempre l'accoglienza √® familiare e il clima √® troppo simpatico ed accattivante, sempre come stare a casa, come se fossimo in famiglia. ü§óüòá...Pranzo √® molto semplice con un risotto a brie e nocciole strepitoso, accompagnato da un ripasso pugliese fantastico.
La cucina √® impeccabile come sempre, e mi vedo, anche stavolta, ben invogliato a consigliare a tutti di provarlo almeno una volta e farvi una vostra opinione, che in questo caso sono molto sicuro sar√† positiva.
Vista l'occasione auguri a tutti di buon Natale, di buon viaggio e di un meritato buono appetito.
MBPi√π"
BLUE M Milano - Bottega Marchigiana,bubble_40,Ottimo,"Da marchigiana, ottimo cibo delle origini, ambiente confortevole anche se eliminerei le panche a favore di sedie"
BLUE M Milano - Bottega Marchigiana,bubble_40,Ok ,"Posto ok ma non spettacolare. Centro Milano dietro S.Ambrogio quindi zona di Milano bellissima. Locale arredato in maniera un p√≤ fredda. Sono stato a aperitivo/cena e offerta  fondamentalmente solo affettati.  Buoni,  gentile l'attenzione  tutto bene ma nulla di pi√∫"
BLUE M Milano - Bottega Marchigiana,bubble_40,Qualit√† e cortesia,"I Prodotti sono di ottima qualit√†. Locale a conduzione familiare. I titolari sono molto gentili, accoglienti e professionali."
BLUE M Milano - Bottega Marchigiana,bubble_50,Ottimo posto per aperitivo!,"Posto molto carino, semplice ma accogliente. Possibilita' quasi unica a Milano di poter fare aperitivo fino alle 22:00, e di ottima qualita'. Originale poi la scelta di cibi particolari delle Marche. E servizio di prenotazione online efficiente e moderno. Assolutamente consigliato!"
BLUE M Milano - Bottega Marchigiana,bubble_50,Tanta passione,"Non √® la prima volta che io e la mia famiglia andiamo al Blue M e posso confermare che all'interno del locale si assapora l'atmosfera marchigiana, il cibo √® ottimo e Marco ci mette l'anima per coccolare il cliente."
BLUE M Milano - Bottega Marchigiana,bubble_50,Apericena di Laurea,"Ho deciso di fare qua un apericena per la mia festa di laurea, su consiglio di un amico.
Alla fine la scelta si √® rivelata azzeccatissima, col fatto che eravamo sulla trentina di persone ci ha anche riservato tutto il locale.
Prezzi accettabilissimi, soprattutto considerando...la zona, cibo e bere abbondanti e di qualit√†, Marco, il titolare, super gentile e alla mano.
Che dire, super soddisfatto, in futuro se ci saranno altre occasioni, sicuramente torner√≤ qua e lo consiglier√≤ ad altri amici!!Pi√π"
BLUE M Milano - Bottega Marchigiana,bubble_50,Non solo cibo,"Su consiglio di un nipote, che frequenta la Cattolica, ci siamo fermati per uno spuntino..in realt√† un pranzo, tutto ottimo ed abbiamo portato a casa alcuni dei buonissimi prodotti degustati"
BLUE M Milano - Bottega Marchigiana,bubble_50,Posto preferito ‚ù§Ô∏è,"Personale molto cordiale, ambiente accogliente, e buonissimo cibo e vino marchigiano! Io e il mio ragazzo abbiamo scoperto il posto per caso, e ci torniamo tutte le volte che possiamo ‚ù§Ô∏è tutto super!!"
BLUE M Milano - Bottega Marchigiana,bubble_50,Il miglior locale marchigiano a Milano,Sono stata al Blue M per la mia festa di laurea e ci siamo trovati benissimo: da marchigiana posso confermare che i prodotti serviti sono come quelli di casa! Titolare gentile e disponibile e locale accogliente.
BLUE M Milano - Bottega Marchigiana,bubble_50,Autentico,"Un posto autentico dove sentirti almeno un attimo,per i sapori e l'atmosfera, nelle Marche.
Consigliatissimo per l'aperitivo marchigiano"
